<?xml version="1.0" encoding="UTF-8"?>
<!--
 ! Excerpted from "Web Development with Clojure, Third Edition",
 ! published by The Pragmatic Bookshelf.
 ! Copyrights apply to this code. It may not be used to create training material,
 ! courses, books, articles, and the like. Contact us if you are in doubt.
 ! We make no guarantees that this code is fit for any purpose.
 ! Visit http://www.pragmaticprogrammer.com/titles/dswdcloj3 for more book information.
-->
<configuration>
    <statusListener class="ch.qos.logback.core.status.NopStatusListener" />
    <appender name="FILE" class="ch.qos.logback.core.rolling.RollingFileAppender">
        <file>log/guestbook.log</file>
        <rollingPolicy class="ch.qos.logback.core.rolling.TimeBasedRollingPolicy">
            <fileNamePattern>log/guestbook.%d{yyyy-MM-dd}.%i.log</fileNamePattern>
            <timeBasedFileNamingAndTriggeringPolicy class="ch.qos.logback.core.rolling.SizeAndTimeBasedFNATP">
                <maxFileSize>100MB</maxFileSize>
            </timeBasedFileNamingAndTriggeringPolicy>
            <!-- keep 30 days of history -->
            <maxHistory>30</maxHistory>
        </rollingPolicy>
        <encoder>
            <charset>UTF-8</charset>
            <pattern>%date{ISO8601} [%thread] %-5level %logger{36} - %msg %n</pattern>
        </encoder>
    </appender>
    <appender name="STDOUT" class="ch.qos.logback.core.ConsoleAppender">
        <encoder>
            <pattern>%-5relative %-5level %logger{35} - %msg%n</pattern>
        </encoder>
    </appender>
    <logger name="org.apache.http" level="warn" />
    <logger name="org.xnio.nio" level="warn" />
    <logger name="com.zaxxer.hikari" level="warn" />
    <root level="INFO">
        <appender-ref ref="FILE" />
        <appender-ref ref="STDOUT" />
    </root>
</configuration>
